empId,empName,age,pass,startDate,endDate
10001,佐藤拓也,34,Xr4f7bL2,,
10002,鈴木彩花,28,pL3a9Qm1,,
10003,高橋直樹,41,Bv7d3Yt8,,
10004,田中美咲,25,qW8z2Cf7,,
10005,伊藤大輔,53,Nj4g6Zm9,,
10006,渡辺花音,22,Fd1m9Rp6,,
10007,山本健太,39,Tg5u2Le3,,
10008,中村結衣,31,bQ2n8Hx4,,
10009,小林翔,45,Wt6e7Ka5,,
10010,加藤優奈,27,Kp9z1Tf8,,
10011,吉田涼太,36,uE7p3Nm2,,
10012,山田美優,29,Lr3d6Yz1,,
10013,佐々木陽翔,42,cF5n2Aw9,,
10014,山口結菜,26,Mp6e8Qx7,,
10015,松本大地,33,Yz1f4Bn2,,
10016,井上真帆,30,rG8t2Vm5,,
10017,木村悠真,48,Hq3z7Lp1,,
10018,林愛美,24,Db9f5Rx3,,
10019,清水陸,38,Zn6w1Tp4,,
10020,斎藤七海,35,tJ4p8Bm9,,
10021,森優斗,40,vW2g9Qy6,,
10022,池田彩乃,21,Lf5t3Mn7,,
10023,橋本悠人,37,Xb2d7Kr8,,
10024,山崎美月,32,Af9m6Pt1,,
10025,石井拓真,50,Gq7z4Xn5,,
10026,前田友梨,23,Pm1n3Zy8,,
10027,藤田大翔,46,Wy8f5Lb3,,
10028,青木心春,27,Ux6g2Qz4,,
10029,三浦智也,44,Rc3t8Mn1,,
10030,西村結月,31,Yp9w7Fk2,,
10031,藤井康太,52,Mb5n1Ry9,,
10032,福田杏奈,26,Tg7z4Wp6,,
10033,岡田颯太,39,Dn4x8Kp3,,
10034,中川咲良,28,Lz2g5Nm8,,
10035,村上蒼,34,Qw6r1Tf7,,
10036,横山奈々,29,Sp3v7Xn5,,
10037,遠藤翼,43,Hj9m2Kb1,,
10038,小川菜々子,25,Zn5f4Rt6,,
10039,岡本悠真,36,Lb8z2Pw4,,
10040,金子美咲,30,Xr6p9Yq3,,
10041,石田陽太,47,Vc1g5Nz8,,
10042,中島亜美,27,Pz4m6Tk7,,
10043,小野隼人,49,Qn3z1Fb6,,
10044,竹内心結,22,Jw7t9Yp5,,
10045,原田慎之介,41,Nx2f4Lm3,,
10046,中野若菜,35,Gr5v8Zq1,,
10047,松井海翔,33,Wm9z1Pb4,,
10048,平野美優,26,Lo7t3Fk2,,
10049,野口一真,38,Ut6p9Br5,,
10050,田村優花,24,Eb1g4Wz7,,